{
  "baseline": {
    "perplexity": 349.885904959009,
    "loss": 5.857607115507125,
    "ece": 0.009202820248901844,
    "brier_score": 0.9095236659049988,
    "accuracy": 0.19855909049510956
  },
  "pyramidal": {
    "perplexity": 403.89737920893504,
    "loss": 6.001160833835602,
    "ece": 0.014510135166347027,
    "brier_score": 0.9143489003181458,
    "accuracy": 0.1894129067659378,
    "mean_height": 0.21354429423809052,
    "mean_uncertainty": 0.7864557504653931
  },
  "statistical_tests": {
    "ece_improvement": {
      "mean": -0.004450707965585513,
      "std": 0.002868636384079644,
      "ci_95": [
        -0.00993358645480423,
        0.0015837693236563435
      ],
      "p_value": 0.935
    },
    "accuracy": {
      "baseline": 0.19855909049510956,
      "pyramidal": 0.1894129067659378,
      "difference": -0.009146183729171753,
      "t_statistic": 2.288194340001871,
      "p_value": 0.022131511550913856
    }
  }
}